{"products":[{"id":"0.7574553242329318","qty":2}],"totalPrice":61.980000000000004}